{"cameraMode":{"drawMode":0,"name":"Shaded","section":"Shading Mode"},"sceneLighting":false,"audioPlay":false,"sceneViewState":{"showFog":true,"showMaterialUpdate":false,"showSkybox":true,"showFlares":true,"showImageEffects":true,"showParticleSystems":true},"in2DMode":false,"pivot":{"x":0.25000011920928957,"y":0.26000046730041506,"z":0.0},"rotation":{"x":0.33480557799339297,"y":-0.00479469308629632,"z":0.0017047415021806956,"w":0.9422734975814819},"size":6.902659893035889,"orthographic":false}