{"cameraMode":{"drawMode":0,"name":"Shaded","section":"Shading Mode"},"sceneLighting":false,"audioPlay":false,"sceneViewState":{"showFog":true,"showMaterialUpdate":false,"showSkybox":true,"showFlares":true,"showImageEffects":true,"showParticleSystems":true},"in2DMode":false,"pivot":{"x":0.05520427227020264,"y":0.7477660179138184,"z":60.045413970947269},"rotation":{"x":0.1174878254532814,"y":0.0354250892996788,"z":-0.004193881992250681,"w":0.9924334287643433},"size":12.185219764709473,"orthographic":false}