{"cameraMode":{"drawMode":0,"name":"Shaded","section":"Shading Mode"},"sceneLighting":true,"audioPlay":false,"sceneViewState":{"showFog":true,"showMaterialUpdate":false,"showSkybox":true,"showFlares":true,"showImageEffects":true,"showParticleSystems":true},"in2DMode":false,"pivot":{"x":508.5121765136719,"y":1497.967041015625,"z":976.22900390625},"rotation":{"x":-0.056308645755052569,"y":0.00422327546402812,"z":-0.0002375842450419441,"w":-0.9984045028686523},"size":1957.5855712890625,"orthographic":false}