{"cameraMode":{"drawMode":0,"name":"Shaded","section":"Shading Mode"},"sceneLighting":false,"audioPlay":false,"sceneViewState":{"showFog":true,"showMaterialUpdate":false,"showSkybox":true,"showFlares":true,"showImageEffects":true,"showParticleSystems":true},"in2DMode":false,"pivot":{"x":-2.7788195610046388,"y":3.5710792541503908,"z":-30.98248291015625},"rotation":{"x":-0.11605215072631836,"y":-0.016974560916423799,"z":0.001983399037271738,"w":-0.993096113204956},"size":15.834545135498047,"orthographic":false}