{"cameraMode":{"drawMode":0,"name":"Shaded","section":"Shading Mode"},"sceneLighting":false,"audioPlay":false,"sceneViewState":{"showFog":true,"showMaterialUpdate":false,"showSkybox":true,"showFlares":true,"showImageEffects":true,"showParticleSystems":true},"in2DMode":false,"pivot":{"x":-2.8123421669006349,"y":1.206538200378418,"z":2.8205714225769045},"rotation":{"x":0.2784983813762665,"y":-0.06533113121986389,"z":0.018993033096194269,"w":0.9580239057540894},"size":9.976759910583496,"orthographic":false}