{"cameraMode":{"drawMode":0,"name":"Shaded","section":"Shading Mode"},"sceneLighting":true,"audioPlay":false,"sceneViewState":{"showFog":true,"showMaterialUpdate":false,"showSkybox":true,"showFlares":true,"showImageEffects":true,"showParticleSystems":true},"in2DMode":false,"pivot":{"x":-2.0149788856506349,"y":-17.184772491455079,"z":46.43051528930664},"rotation":{"x":-0.1981566995382309,"y":0.014992283657193184,"z":-0.0030312982853502037,"w":-0.9800510406494141},"size":59.50419616699219,"orthographic":false}