{"cameraMode":{"drawMode":0,"name":"Shaded","section":"Shading Mode"},"sceneLighting":false,"audioPlay":false,"sceneViewState":{"showFog":true,"showMaterialUpdate":false,"showSkybox":true,"showFlares":true,"showImageEffects":true,"showParticleSystems":true},"in2DMode":false,"pivot":{"x":-0.13387608528137208,"y":1.7355318069458008,"z":0.04541546106338501},"rotation":{"x":0.18427373468875886,"y":0.0011630263179540635,"z":-0.00021776858193334192,"w":0.9828742742538452},"size":13.755766868591309,"orthographic":false}