{"cameraMode":{"drawMode":0,"name":"Shaded","section":"Shading Mode"},"sceneLighting":true,"audioPlay":false,"sceneViewState":{"showFog":true,"showMaterialUpdate":false,"showSkybox":true,"showFlares":true,"showImageEffects":true,"showParticleSystems":true},"in2DMode":false,"pivot":{"x":-12.102499008178711,"y":-21.26409339904785,"z":41.26702117919922},"rotation":{"x":0.22666619718074799,"y":-0.11857163161039353,"z":0.027812641113996507,"w":0.966327965259552},"size":64.45532989501953,"orthographic":false}