{"cameraMode":{"drawMode":0,"name":"Shaded","section":"Shading Mode"},"sceneLighting":false,"audioPlay":false,"sceneViewState":{"showFog":true,"showMaterialUpdate":false,"showSkybox":true,"showFlares":true,"showImageEffects":true,"showParticleSystems":true},"in2DMode":false,"pivot":{"x":-2.8947956562042238,"y":0.7477660179138184,"z":40.045413970947269},"rotation":{"x":0.2089758664369583,"y":0.052466124296188357,"z":-0.01122879795730114,"w":0.9764478206634522},"size":4.781054973602295,"orthographic":false}