{"cameraMode":{"drawMode":0,"name":"Shaded","section":"Shading Mode"},"sceneLighting":true,"audioPlay":false,"sceneViewState":{"showFog":true,"showMaterialUpdate":false,"showSkybox":true,"showFlares":true,"showImageEffects":true,"showParticleSystems":true},"in2DMode":false,"pivot":{"x":-1.279889464378357,"y":0.8693766593933106,"z":44.62525939941406},"rotation":{"x":-0.09963584691286087,"y":-0.027130361646413804,"z":0.0027181734330952169,"w":-0.9946503639221191},"size":20.746845245361329,"orthographic":false}