{"cameraMode":{"drawMode":0,"name":"Shaded","section":"Shading Mode"},"sceneLighting":true,"audioPlay":false,"sceneViewState":{"showFog":true,"showMaterialUpdate":false,"showSkybox":true,"showFlares":true,"showImageEffects":true,"showParticleSystems":true},"in2DMode":false,"pivot":{"x":454.8101501464844,"y":1025.8507080078125,"z":886.2807006835938},"rotation":{"x":-0.13390235602855683,"y":0.02202787436544895,"z":-0.002976533491164446,"w":-0.9907452464103699},"size":3623.244873046875,"orthographic":false}